CountryName;PopulationNumber2020;Government_Style;DemocracyIndex2020;TotalCases;TotalDeaths;Cases_per_100k;Deaths_per_100k;StringencyIndex;GDP_in_Dollar
Brazil;212559417;Flawed democracy;6.92;7623;8932;3.586291357;4.202119166;3.4;7823
South Africa;59308690;Flawed democracy;7.05;74;893;0.124770923;1.505681545;5.9;87923
United Kingdom;67886011;Full democracy;8.54;789134;23894;1162.439785;35.19723673;88.1;1273
China;1439323776;Authoritarian;2.27;78123;843;5.427757208;0.058569171;15;219823
Saudi Arabia;34813871;Authoritarian;2.08;9823;1748;28.21576492;5.020987181;56;1283912
United States;331002651;Flawed democracy;7.92;89134;13487;26.92848523;4.074589723;0.1;2173981
Germany;83783942;Full democracy;8.67;27;1348;0.032225746;1.608900188;56.1;12398
Democratic Republic of Congo;89561403;Authoritarian;3.11;132;147;0.147384918;0.164133204;18.5;12738
New Zealand;4822233;Full democracy;9.25;3298;1489;68.39155221;30.87781117;19.4;1238
